test_year,train_days,HAR_const,HAR_daily,HAR_weekly,HAR_monthly,HAR_R2,GARCH_omega,GARCH_alpha,GARCH_beta,GARCH_persistence,GARCH_nu
2007,1008,-3.8333826217203386,0.006899966671602684,0.03531233165617813,0.4252908886294995,0.11302162600478582,0.02635965341856834,0.06025464149737042,0.8965262607474163,0.9567809022447866,6.201587374398044
2008,1262,-1.8270785973690993,0.007934064305007022,0.09733501692060188,0.5563654606082371,0.2546772729805592,0.021849865448221407,0.08930794961631462,0.888038855347828,0.9773468049641426,6.224687218880846
2009,1516,0.0479762760972008,0.009132021333443915,0.15545014499448795,0.68463201323542,0.5323121638878874,0.0148346278937186,0.10311085999752297,0.8912580916080891,0.9943689516056121,6.533725531907576
2010,1767,0.23425724023892364,0.0063112750113311035,0.1307171046543678,0.7304250019455266,0.5655164403645604,0.009058449362644716,0.08442585071565331,0.9142009549145972,0.9986268056302505,7.011447449720844
2011,2021,0.09943829336160132,0.006059420350162015,0.1524014817367737,0.6938944788786985,0.534107082671049,0.011308831025743626,0.09430955012011874,0.9041822319688216,0.9984917820889404,6.830227610364296
2012,2274,0.05504724374034335,0.010025356342723252,0.1498580691808061,0.6858120095527499,0.5191548461491962,0.011529092828599772,0.09419320024684291,0.9046342587806955,0.9988274590275383,7.348489616478075
2013,2528,0.01806261608777804,0.009147427463246656,0.13061175067741282,0.7033076736446684,0.5040413813301245,0.010824252158434003,0.08644368578907363,0.9108920944373606,0.9973357802264342,7.702942483980405
2014,2782,-0.05849125995726488,0.006642660582872228,0.11763802003968885,0.7113965466935451,0.491100575084534,0.011263186923825398,0.08308118888516258,0.9130418719086683,0.9961230607938308,7.8429592061923135
2015,3036,-0.13097533080202606,0.009090574763002696,0.10471598334551806,0.7136831384774325,0.473321656661832,0.01196254145687254,0.08196311194080265,0.9133292546785774,0.99529236661938,8.20752250694459
2016,3290,-0.21603997248115278,0.00595198435991336,0.1125764147163316,0.6997662083948827,0.4564863701013899,0.012426131545834211,0.0806157728816173,0.9141326810405882,0.9947484539222055,8.2823799637645
2017,3544,-0.3982356870391659,0.007594990512411838,0.15240935970137975,0.637583024005236,0.4340070976168863,0.019497313285154267,0.10019861890818174,0.8915414958621143,0.991740114770296,7.696153778518729
2018,3797,-0.3865079565489486,0.007436718284699497,0.1516323890077034,0.6412625954589537,0.4329508528271375,0.01850561581878847,0.09617482813261187,0.8947852301268009,0.9909600582594128,7.709829947151179
2019,4050,-0.42960568833090357,0.00808100436273805,0.15519131819682574,0.6324481457379533,0.43232160816141263,0.018654832384279795,0.0952411096396329,0.8951019161403705,0.9903430257800034,7.823391127888068
2020,4303,-0.4767612153176523,0.006397571541588883,0.15038681377734692,0.634275470767049,0.4218823456629316,0.01854536118939821,0.09144048177203007,0.898026084320333,0.9894665660923632,8.044888271200945
2021,4559,-0.42432849103898856,0.0035078038818647478,0.15713783083260352,0.6353291960860713,0.4326124160794198,0.019702830799795554,0.09385921756741201,0.8959371800062541,0.9897963975736661,7.720336346791465
2022,4814,-0.5350304181534288,0.003159231306998088,0.16783997367516068,0.6131045814380095,0.4112094193663778,0.02093545767167517,0.09289937123589237,0.8960208193038223,0.9889201905397147,7.281257911901289
2023,5068,-0.49932811313539194,0.003527504255079407,0.1724248085283943,0.6110883193079901,0.4137103916875856,0.019987880476269194,0.0921184443406293,0.8981072784902381,0.9902257228308674,7.378952840964235
