test_year,model,n_fit,smear,max_forecast,max_actual,coef_vix,p_vix,coef_lev_w,p_lev_w
2007,XGB,734,2.0607598388974346,0.00107724335975945,0.0057057698014369,,,,
2007,RF-hybrid,734,1.668722485753772,0.0018662484828634329,0.0057057698014369,,,,
2007,SVR-hybrid,734,1.8095101764198558,0.0018496299799552916,0.0057057698014369,,,,
2007,XGB-hybrid,734,1.8072581706953057,0.0019962911241520683,0.0057057698014369,,,,
2007,RF-X,734,2.0186333784471,0.0008452404173584602,0.0057057698014369,,,,
2007,SVR-X,734,2.29884737565975,0.0010197636187313274,0.0057057698014369,,,,
2007,XGB-X,734,2.1835610254237685,0.0011601123260334134,0.0057057698014369,,,,
2007,HAR-X,987,1.4398368795263599,0.002778607899385037,0.0057057698014369,0.7733875268418097,4.3882934854305817e-10,-58.19853068792847,0.00017083638690770743
2008,XGB,987,3.417400572605098,0.0026730643585324287,0.0292122096789999,,,,
2008,RF-hybrid,987,2.5118619279926397,0.022784407805455056,0.0292122096789999,,,,
2008,SVR-hybrid,987,2.517755935598694,0.02696397622101038,0.0292122096789999,,,,
2008,XGB-hybrid,987,3.2641217944008285,0.02488728324186314,0.0292122096789999,,,,
2008,RF-X,987,3.3114360228437265,0.0025100918631415356,0.0292122096789999,,,,
2008,SVR-X,987,3.671633532197183,0.0024214225260051226,0.0292122096789999,,,,
2008,XGB-X,987,3.139398322841296,0.0033070766367018223,0.0292122096789999,,,,
2008,HAR-X,1241,1.458391192194903,0.9954846612314197,0.0292122096789999,0.5802156433583012,4.2556458868451096e-07,-44.567639758963715,0.00011828723804552501
2009,XGB,1241,5.335255559883725,0.006870444398373365,0.0096129410456041,,,,
2009,RF-hybrid,1241,1.8459573252692167,0.007364393408402836,0.0096129410456041,,,,
2009,SVR-hybrid,1241,1.8633107694425695,0.006832514405244331,0.0096129410456041,,,,
2009,XGB-hybrid,1241,2.3022666557468003,0.005715544557883883,0.0096129410456041,,,,
2009,RF-X,1241,4.811209099321629,0.005723378147284198,0.0096129410456041,,,,
2009,SVR-X,1241,4.93422039552993,0.008766179218844638,0.0096129410456041,,,,
2009,XGB-X,1241,4.420412345778948,0.006134105380624533,0.0096129410456041,,,,
2009,HAR-X,1495,1.4771479055357128,0.009271943901355306,0.0096129410456041,0.4822421145889446,8.770040699405469e-07,-32.876113582617165,8.154856529308444e-06
2010,XGB,1495,1.6974031889988188,0.012513317167758942,0.0103510022313458,,,,
2010,RF-hybrid,1495,1.5653283144579107,0.0067574259115263996,0.0103510022313458,,,,
2010,SVR-hybrid,1495,1.5259656914565578,0.007677010040182246,0.0103510022313458,,,,
2010,XGB-hybrid,1495,1.5952863881361257,0.009779868650408816,0.0103510022313458,,,,
2010,RF-X,1495,1.8605490592259812,0.01054160849595967,0.0103510022313458,,,,
2010,SVR-X,1495,1.6011449335621533,0.013014008261672748,0.0103510022313458,,,,
2010,XGB-X,1495,1.9189578551534305,0.017167476937174797,0.0103510022313458,,,,
2010,HAR-X,1746,1.4581740307211348,0.008247219032590009,0.0103510022313458,0.6954956305512536,3.0365360503842453e-16,-28.55473298172752,6.424028051539883e-06
2011,XGB,1746,1.675207135400128,0.00529535673558712,0.0051389463470098,,,,
2011,RF-hybrid,1746,1.6105758094910325,0.0036600331292078467,0.0051389463470098,,,,
2011,SVR-hybrid,1746,1.576415349065344,0.0038423453494564825,0.0051389463470098,,,,
2011,XGB-hybrid,1746,1.62902140878213,0.004609856873625135,0.0051389463470098,,,,
2011,RF-X,1746,1.741480948113362,0.004451407079568653,0.0051389463470098,,,,
2011,SVR-X,1746,1.4403961345149687,0.0066042647967657735,0.0051389463470098,,,,
2011,XGB-X,1746,1.5183851956775554,0.005435524042695761,0.0051389463470098,,,,
2011,HAR-X,2000,1.4706210167357086,0.005527778357055262,0.0051389463470098,0.7404063244574175,1.0115795458977741e-18,-35.26820896201857,5.420023385174696e-09
2012,XGB,2000,1.6221566247410784,0.0022409316152334213,0.002058409832348,,,,
2012,RF-hybrid,2000,1.6236058453805122,0.0015692125586295133,0.002058409832348,,,,
2012,SVR-hybrid,2000,1.5145424885796803,0.0015198485672785057,0.002058409832348,,,,
2012,XGB-hybrid,2000,1.5757598633258916,0.0015873377964409955,0.002058409832348,,,,
2012,RF-X,2000,1.4593961848510322,0.001908179021600583,0.002058409832348,,,,
2012,SVR-X,2000,1.3335632871442624,0.0015555557512974372,0.002058409832348,,,,
2012,XGB-X,2000,1.442848619804517,0.0018037566915154457,0.002058409832348,,,,
2012,HAR-X,2253,1.4553243250023604,0.0014023910549528515,0.002058409832348,0.7646374346293127,3.144773623437044e-22,-32.66912082359737,9.34531851367562e-09
2013,XGB,2253,1.3660427314700287,0.001246308907866478,0.0015511898559941,,,,
2013,RF-hybrid,2253,1.3356314470214907,0.0009798106860084757,0.0015511898559941,,,,
2013,SVR-hybrid,2253,1.3285212793704533,0.0010210213940154604,0.0015511898559941,,,,
2013,XGB-hybrid,2253,1.3612300812753866,0.0010592502905396647,0.0015511898559941,,,,
2013,RF-X,2253,1.2862587837459167,0.0008850820648372387,0.0015511898559941,,,,
2013,SVR-X,2253,1.3124394560212147,0.0009305876840887673,0.0015511898559941,,,,
2013,XGB-X,2253,1.2920776740660838,0.0009002622682601213,0.0015511898559941,,,,
2013,HAR-X,2507,1.4382078652824357,0.0008103708790579357,0.0015511898559941,0.7992662047461654,1.3580554496959126e-25,-32.94277732719337,2.0196102276916758e-09
2014,XGB,2507,1.310617458704501,0.0017552287317812443,0.0025973946655964,,,,
2014,RF-hybrid,2507,1.3127358843765384,0.0013946709984743446,0.0025973946655964,,,,
2014,SVR-hybrid,2507,1.3135136965183194,0.0014793365445096272,0.0025973946655964,,,,
2014,XGB-hybrid,2507,1.3099414449269629,0.001363071815103813,0.0025973946655964,,,,
2014,RF-X,2507,1.373965059559258,0.0014853842228189302,0.0025973946655964,,,,
2014,SVR-X,2507,1.419997270242038,0.0017879531467827252,0.0025973946655964,,,,
2014,XGB-X,2507,1.4827646429104728,0.0017877042992040515,0.0025973946655964,,,,
2014,HAR-X,2761,1.4254579273499093,0.0013714023844240294,0.0025973946655964,0.8310029190662692,4.5375826673242676e-30,-33.629210151390254,3.486738238251306e-10
2015,XGB,2761,1.4875340090602756,0.004981386475265026,0.0064266637110625,,,,
2015,RF-hybrid,2761,1.4917632579143278,0.0030114088093824275,0.0064266637110625,,,,
2015,SVR-hybrid,2761,1.4644818440865117,0.0032734568863669556,0.0064266637110625,,,,
2015,XGB-hybrid,2761,1.4664484876871773,0.0032347325745675885,0.0064266637110625,,,,
2015,RF-X,2761,1.5956751850903277,0.0038249092849660733,0.0064266637110625,,,,
2015,SVR-X,2761,1.629664359305255,0.005137522881340103,0.0064266637110625,,,,
2015,XGB-X,2761,1.6975653899600094,0.005394964013248682,0.0064266637110625,,,,
2015,HAR-X,3015,1.4129252829980192,0.004319065201833813,0.0064266637110625,0.7956608544767041,2.424453558616634e-31,-35.55744034947488,7.386181383718645e-12
2016,XGB,3015,1.5482856308612958,0.007469207979738712,0.0189329191704863,,,,
2016,RF-hybrid,3015,1.5300321604061407,0.008585653242767931,0.0189329191704863,,,,
2016,SVR-hybrid,3015,1.4843377052378441,0.00898080070428748,0.0189329191704863,,,,
2016,XGB-hybrid,3015,1.5592188716415323,0.009570778425299296,0.0189329191704863,,,,
2016,RF-X,3015,1.6881829439549916,0.004731125202430821,0.0189329191704863,,,,
2016,SVR-X,3015,1.7740538299976172,0.010216644935963552,0.0189329191704863,,,,
2016,XGB-X,3015,1.7792214877389465,0.008175533264875412,0.0189329191704863,,,,
2016,HAR-X,3269,1.408269905838858,0.00973934917046965,0.0189329191704863,0.7501621663964443,2.5049792786039714e-30,-38.14217811330326,3.209407950318089e-14
2017,XGB,3269,1.7369017658093733,0.000786646269261837,0.0009829087860243,,,,
2017,RF-hybrid,3269,1.6052869267618417,0.0006726901219353284,0.0009829087860243,,,,
2017,SVR-hybrid,3269,1.5560003763370132,0.0008254354275586341,0.0009829087860243,,,,
2017,XGB-hybrid,3269,1.6728867622724228,0.0007826720204925112,0.0009829087860243,,,,
2017,RF-X,3269,1.8422456535056342,0.0007338096479101038,0.0009829087860243,,,,
2017,SVR-X,3269,1.7444231885862065,0.0009096482491126974,0.0009829087860243,,,,
2017,XGB-X,3269,1.7622446751313943,0.0007714073872193694,0.0009829087860243,,,,
2017,HAR-X,3523,1.4353013478590129,0.0006196583602996724,0.0009829087860243,0.8716575651008889,7.188681784381819e-45,-37.37154564516316,5.5927073010341554e-15
2018,XGB,3523,1.0735762750438298,0.0016424852656200528,0.002419657348024,,,,
2018,RF-hybrid,3523,1.1302229947958804,0.00127801691741045,0.002419657348024,,,,
2018,SVR-hybrid,3523,1.0594686566902145,0.0015978315195163426,0.002419657348024,,,,
2018,XGB-hybrid,3523,1.0881442874400151,0.0016373637771950563,0.002419657348024,,,,
2018,RF-X,3523,1.01660163780212,0.0015985621632630049,0.002419657348024,,,,
2018,SVR-X,3523,1.0771440496666604,0.0019662006198430657,0.002419657348024,,,,
2018,XGB-X,3523,1.0573523574406118,0.0019310524221509695,0.002419657348024,,,,
2018,HAR-X,3776,1.4281975131432312,0.0018597670073111112,0.002419657348024,0.8986978703955715,1.3956685867144949e-52,-36.14746167303394,1.774446416271041e-14
2019,XGB,3776,1.1843898564360058,0.0018568290397524834,0.0021625779575976,,,,
2019,RF-hybrid,3776,1.2576269880254065,0.0012411274024043838,0.0021625779575976,,,,
2019,SVR-hybrid,3776,1.1792458527968632,0.001410989677599561,0.0021625779575976,,,,
2019,XGB-hybrid,3776,1.2359888417180342,0.0014432945897058964,0.0021625779575976,,,,
2019,RF-X,3776,1.0391598714533592,0.0011999355430386252,0.0021625779575976,,,,
2019,SVR-X,3776,1.1002444782800092,0.0016038740980753427,0.0021625779575976,,,,
2019,XGB-X,3776,1.1628263578391391,0.0017231301171705127,0.0021625779575976,,,,
2019,HAR-X,4029,1.4275005675949466,0.0013400508459304934,0.0021625779575976,0.8611620720073954,9.252795576817234e-51,-36.36467895956026,5.58466751989153e-15
2020,XGB,4029,1.3469534507014036,0.009162475354969501,0.0242478595787751,,,,
2020,RF-hybrid,4029,1.3768391246907328,0.009599741220689309,0.0242478595787751,,,,
2020,SVR-hybrid,4029,1.3570855561894424,0.009656378357804148,0.0242478595787751,,,,
2020,XGB-hybrid,4029,1.3729453881888949,0.008456860452351004,0.0242478595787751,,,,
2020,RF-X,4029,1.402064476539211,0.00804120887086385,0.0242478595787751,,,,
2020,SVR-X,4029,1.37273407610235,0.0103602580808719,0.0242478595787751,,,,
2020,XGB-X,4029,1.3733265249816933,0.009912068955600262,0.0242478595787751,,,,
2020,HAR-X,4282,1.4152190906041324,0.053816806724162856,0.0242478595787751,0.8670686304845777,3.831360211280404e-54,-36.08958317433618,1.7173145005770711e-15
2021,XGB,4282,1.6824818266286994,0.0022752764634788036,0.0023649884338905,,,,
2021,RF-hybrid,4282,1.7324312888411386,0.0018008029742642402,0.0023649884338905,,,,
2021,SVR-hybrid,4282,1.6441247459889887,0.001921738922586676,0.0023649884338905,,,,
2021,XGB-hybrid,4282,1.710844930026631,0.0019345673970567925,0.0023649884338905,,,,
2021,RF-X,4282,1.6335458238636957,0.0018172244042211046,0.0023649884338905,,,,
2021,SVR-X,4282,1.41890631959117,0.0036875913072759296,0.0023649884338905,,,,
2021,XGB-X,4282,1.4540325302821007,0.002225827192887664,0.0023649884338905,,,,
2021,HAR-X,4538,1.4184266797518004,0.0022019855782655644,0.0023649884338905,0.8644039680724411,1.4139744983707748e-59,-33.51333143694593,2.0665292542050714e-15
2022,XGB,4538,1.600227491783679,0.00564131885766983,0.0087658830381891,,,,
2022,RF-hybrid,4538,1.5371255417967873,0.005108579067762618,0.0087658830381891,,,,
2022,SVR-hybrid,4538,1.5081565140150774,0.0039920394664349785,0.0087658830381891,,,,
2022,XGB-hybrid,4538,1.5350629477491575,0.005193902974077568,0.0087658830381891,,,,
2022,RF-X,4538,1.4426533314723529,0.004324309222990417,0.0087658830381891,,,,
2022,SVR-X,4538,1.1456202016784387,0.0047068926765871325,0.0087658830381891,,,,
2022,XGB-X,4538,1.208556517740293,0.005622888449579477,0.0087658830381891,,,,
2022,HAR-X,4793,1.426924897707487,0.005931526265544708,0.0087658830381891,0.8824372076737983,7.032255711008888e-63,-33.763660248888215,1.1549592616720085e-15
2023,XGB,4793,1.477285683694614,0.0020788589026778936,0.0039739894036283,,,,
2023,RF-hybrid,4793,1.5005532892594085,0.002076941981300305,0.0039739894036283,,,,
2023,SVR-hybrid,4793,1.4368736719086728,0.002053595853788519,0.0039739894036283,,,,
2023,XGB-hybrid,4793,1.4701445287408392,0.0021230510612892267,0.0039739894036283,,,,
2023,RF-X,4793,1.4870922050953537,0.0017031474722428086,0.0039739894036283,,,,
2023,SVR-X,4793,1.2821461172141508,0.0021779648290458694,0.0039739894036283,,,,
2023,XGB-X,4793,1.3392244709748669,0.0021260748617351055,0.0039739894036283,,,,
2023,HAR-X,5047,1.419644850503338,0.002091160196905239,0.0039739894036283,0.8941981402406399,4.642083690588943e-68,-33.90555727506184,7.185135746127062e-17
