model,version,window,channel,days,share,ci_low,ci_high
RF-hybrid,4 channels,calm,domestic,294,0.3792221624722842,0.3550557539875085,0.4055390633876331
RF-hybrid,4 channels,calm,US,294,0.3865764466787452,0.35976477288340053,0.4136711533142557
RF-hybrid,4 channels,calm,euro,294,0.18595756950902032,0.1731665980424228,0.19672741654902123
RF-hybrid,4 channels,calm,GARCH,294,0.04824382133995028,0.04123575391895319,0.05505449610392975
RF-hybrid,4 channels,Global Financial Crisis,domestic,402,0.4268105961348726,0.4124338459744999,0.44456380498982245
RF-hybrid,4 channels,Global Financial Crisis,US,402,0.2612932173780079,0.2270012589141434,0.29193377019506955
RF-hybrid,4 channels,Global Financial Crisis,euro,402,0.15210204721695977,0.1457869643790691,0.1593788666191424
RF-hybrid,4 channels,Global Financial Crisis,GARCH,402,0.1597941392701598,0.14657352395503626,0.17545774174604567
RF-hybrid,4 channels,Irish sovereign debt crisis,domestic,574,0.3056725252534355,0.28073850854553417,0.33166972607085826
RF-hybrid,4 channels,Irish sovereign debt crisis,US,574,0.47231562959760565,0.44154904637646447,0.5051956340044446
RF-hybrid,4 channels,Irish sovereign debt crisis,euro,574,0.18102264380533548,0.16014395411799376,0.20242147258466223
RF-hybrid,4 channels,Irish sovereign debt crisis,GARCH,574,0.04098920134362322,0.035362534433814416,0.046841184344548266
RF-hybrid,4 channels,COVID-19,domestic,92,0.30323498746021027,0.2729959182173409,0.3353216731436526
RF-hybrid,4 channels,COVID-19,US,92,0.4197966110658464,0.35311005263274736,0.4710753051039724
RF-hybrid,4 channels,COVID-19,euro,92,0.1918669855109405,0.16823899083233335,0.21982091640135798
RF-hybrid,4 channels,COVID-19,GARCH,92,0.08510141596300265,0.07659950513524201,0.10041680767120258
RF-hybrid,4 channels,War / energy shock 2022,domestic,185,0.24407157386592343,0.20527295001534868,0.28761097395122526
RF-hybrid,4 channels,War / energy shock 2022,US,185,0.5478581046272645,0.46417203178234123,0.612323694642705
RF-hybrid,4 channels,War / energy shock 2022,euro,185,0.16453504372203934,0.14308036543292277,0.1955095513532999
RF-hybrid,4 channels,War / energy shock 2022,GARCH,185,0.04353527778477274,0.029544530100531343,0.06128202163796804
RF-hybrid,3 channels,calm,domestic,294,0.39844465523321343,0.3714335807688674,0.4272310361639447
RF-hybrid,3 channels,calm,US,294,0.4061717227021264,0.3795376474049048,0.4338124951947849
RF-hybrid,3 channels,calm,euro,294,0.19538362206466015,0.1822841342404595,0.2063206809164336
RF-hybrid,3 channels,Global Financial Crisis,domestic,402,0.5079833598924505,0.48337356842609347,0.5378048302336356
RF-hybrid,3 channels,Global Financial Crisis,US,402,0.31098713968864367,0.2738518344028753,0.34224517516207215
RF-hybrid,3 channels,Global Financial Crisis,euro,402,0.18102950041890586,0.1719103457429305,0.19199703817670122
RF-hybrid,3 channels,Irish sovereign debt crisis,domestic,574,0.3187373131582026,0.2912825127469918,0.34745557415914946
RF-hybrid,3 channels,Irish sovereign debt crisis,US,574,0.49250293141572965,0.4615563981396751,0.5257523420905352
RF-hybrid,3 channels,Irish sovereign debt crisis,euro,574,0.18875975542606765,0.1676954622423079,0.21046904317469275
RF-hybrid,3 channels,COVID-19,domestic,92,0.3314410938556528,0.296875859674559,0.37010669357508275
RF-hybrid,3 channels,COVID-19,US,92,0.45884496750830084,0.39219582355553284,0.5129729504262772
RF-hybrid,3 channels,COVID-19,euro,92,0.20971393863604632,0.1826826508973677,0.24364175182858072
RF-hybrid,3 channels,War / energy shock 2022,domestic,185,0.25518094729164675,0.211602112112848,0.30563329554809243
RF-hybrid,3 channels,War / energy shock 2022,US,185,0.5727948892442092,0.4937680126000511,0.6312559986710132
RF-hybrid,3 channels,War / energy shock 2022,euro,185,0.172024163464144,0.1493478707513028,0.2067003699961961
XGB-hybrid,4 channels,calm,domestic,294,0.36507210380391547,0.34444718766335525,0.3877198915099944
XGB-hybrid,4 channels,calm,US,294,0.39614284775541964,0.3690817892795775,0.42626206673198846
XGB-hybrid,4 channels,calm,euro,294,0.21263224728087815,0.19812866538257348,0.22423489441981168
XGB-hybrid,4 channels,calm,GARCH,294,0.026152801159786614,0.018989602922025204,0.033268209628583546
XGB-hybrid,4 channels,Global Financial Crisis,domestic,402,0.4530500687581196,0.43589194462886893,0.47502411406316897
XGB-hybrid,4 channels,Global Financial Crisis,US,402,0.25599297290860495,0.23299701335096243,0.2726360026652598
XGB-hybrid,4 channels,Global Financial Crisis,euro,402,0.18086576173092786,0.16919364284343683,0.19161460411842365
XGB-hybrid,4 channels,Global Financial Crisis,GARCH,402,0.11009119660234754,0.09771411338810108,0.12381504914845372
XGB-hybrid,4 channels,Irish sovereign debt crisis,domestic,574,0.32123548234987365,0.3014463590186645,0.3422992626790405
XGB-hybrid,4 channels,Irish sovereign debt crisis,US,574,0.4667452380913396,0.44016553001814446,0.4978817290816722
XGB-hybrid,4 channels,Irish sovereign debt crisis,euro,574,0.19488600435943088,0.17484704226441133,0.2154569229109478
XGB-hybrid,4 channels,Irish sovereign debt crisis,GARCH,574,0.017133275199356014,0.013768801347711154,0.020816547169539068
XGB-hybrid,4 channels,COVID-19,domestic,92,0.25495475724210925,0.23166314136820804,0.2768867224623549
XGB-hybrid,4 channels,COVID-19,US,92,0.43352265276747953,0.3936646816258713,0.46594533059394916
XGB-hybrid,4 channels,COVID-19,euro,92,0.2639774601654143,0.24110610983180314,0.288763307678175
XGB-hybrid,4 channels,COVID-19,GARCH,92,0.04754512982499687,0.04023304355826154,0.060939509897013196
XGB-hybrid,4 channels,War / energy shock 2022,domestic,185,0.29027960540256204,0.2505367873446678,0.3283007358638398
XGB-hybrid,4 channels,War / energy shock 2022,US,185,0.5148511226028029,0.43782178049944126,0.5861332996753765
XGB-hybrid,4 channels,War / energy shock 2022,euro,185,0.17954486282592638,0.14646704333099397,0.22390230630963887
XGB-hybrid,4 channels,War / energy shock 2022,GARCH,185,0.015324409168708603,0.009029409830461079,0.023269681651055002
XGB-hybrid,3 channels,calm,domestic,294,0.37487616562299697,0.3533764584100389,0.3979415962189072
XGB-hybrid,3 channels,calm,US,294,0.4067813186988669,0.3784166731690721,0.4374107288720419
XGB-hybrid,3 channels,calm,euro,294,0.21834251567813603,0.20320000431809795,0.2299616064151771
XGB-hybrid,3 channels,Global Financial Crisis,domestic,402,0.5090971872942309,0.48611769453757314,0.5387323281541551
XGB-hybrid,3 channels,Global Financial Crisis,US,402,0.2876620300094002,0.2640514575091076,0.3045142281635768
XGB-hybrid,3 channels,Global Financial Crisis,euro,402,0.2032407826963688,0.19092608545233533,0.21459651792370107
XGB-hybrid,3 channels,Irish sovereign debt crisis,domestic,574,0.3268352404696885,0.3067225574720539,0.34880825151101447
XGB-hybrid,3 channels,Irish sovereign debt crisis,US,574,0.4748815137535662,0.4483626292287296,0.505314549945442
XGB-hybrid,3 channels,Irish sovereign debt crisis,euro,574,0.19828324577674541,0.17785761152549054,0.21938439904162804
XGB-hybrid,3 channels,COVID-19,domestic,92,0.26768171933990337,0.2437528811545864,0.29227567896970535
XGB-hybrid,3 channels,COVID-19,US,92,0.45516345849313,0.41657381451948045,0.4890138713618622
XGB-hybrid,3 channels,COVID-19,euro,92,0.27715482216696663,0.253545546340563,0.30498465674705827
XGB-hybrid,3 channels,War / energy shock 2022,domestic,185,0.2947971982909617,0.2531323173660664,0.335370901348992
XGB-hybrid,3 channels,War / energy shock 2022,US,185,0.5228636998792168,0.4473653293790168,0.5925319317217379
XGB-hybrid,3 channels,War / energy shock 2022,euro,185,0.1823391018298214,0.14838486594680328,0.22852399396765366
