model,QLIKE,MSE (x1e6),vs GARCH: diff,vs GARCH: DM p,three-market version,three-market QLIKE,MCS p,in 90% MCS
GARCH,0.3743093261214953,1.269002991023791,0.0,,,,0.4474,True
HAR,0.37975422958415944,1.3064826306040012,0.005444903462664115,0.5708239975444004,,,0.3033,True
LSTM-ISEQ,0.41777746619145883,2.1234958378102657,0.04346814006996352,0.1872706719922273,LSTM,0.45451941821640807,0.0481,False
RF-ISEQ,0.4068775856181095,1.8901682237701722,0.032568259496614224,0.11235784392094338,RF,0.42872266065365705,0.1935,True
SVR-ISEQ,0.38152604502905424,1.3173297575562073,0.00721671890755891,0.4979055206837824,SVR,0.3964399832148808,0.3659,True
XGB-ISEQ,0.4180128135488089,1.987796401953301,0.04370348742731365,0.033543655747230026,XGB,0.43563062044956974,0.099,False
RF-hybrid-ISEQ,0.3801705201796776,1.357402970346614,0.005861194058182348,0.4743684360901612,RF-hybrid,0.38531948525569965,0.4474,True
SVR-hybrid-ISEQ,0.37135189784017764,1.293876873006052,-0.002957428281317683,0.6020673060507653,SVR-hybrid,0.38555123199610297,0.4768,True
XGB-hybrid-ISEQ,0.39095335458053837,1.4799908117706215,0.016644028459043014,0.1832375126226344,XGB-hybrid,0.4005228349834532,0.3412,True
HAR-L,0.3577442596214095,1.2448056680095745,-0.01656506650008586,0.17375139882713317,HAR-X,0.3423993067552764,1.0,True
RF-L,0.395187724838673,2.316743342334142,0.020878398717177657,0.330439450323671,RF-X,0.4013991782421753,0.239,True
SVR-L,0.36522165984971255,1.7221618349571777,-0.00908766627178278,0.5728134818139027,SVR-X,0.36050547885465356,0.5218,True
XGB-L,0.4151003684881906,3.064152980658722,0.04079104236669528,0.06521472485606282,XGB-X,0.4112752642231539,0.045,False
GARCH+LSTM-ISEQ,0.380144816344472,1.510746301868943,0.00583549022297669,0.7821743222961489,GARCH+LSTM,0.37609265304449346,0.3918,True
