phase,days_back,share
P1 Distress,21,0.013377924
P1 Distress,20,0.015678657
P1 Distress,19,0.018125495
P1 Distress,18,0.02040761
P1 Distress,17,0.02291496
P1 Distress,16,0.025478512
P1 Distress,15,0.028509919
P1 Distress,14,0.031922925
P1 Distress,13,0.03516349
P1 Distress,12,0.03855698
P1 Distress,11,0.042460486
P1 Distress,10,0.046332385
P1 Distress,9,0.05049338
P1 Distress,8,0.05470703
P1 Distress,7,0.05914527
P1 Distress,6,0.06355295
P1 Distress,5,0.068307064
P1 Distress,4,0.07199343
P1 Distress,3,0.0759089
P1 Distress,2,0.07816879
P1 Distress,1,0.076349676
P1 Distress,0,0.06244423
P2 Panic and guarantee,21,0.01587235
P2 Panic and guarantee,20,0.018915726
P2 Panic and guarantee,19,0.021404011
P2 Panic and guarantee,18,0.0241133
P2 Panic and guarantee,17,0.027194044
P2 Panic and guarantee,16,0.030139128
P2 Panic and guarantee,15,0.032979358
P2 Panic and guarantee,14,0.035429988
P2 Panic and guarantee,13,0.03742014
P2 Panic and guarantee,12,0.038686387
P2 Panic and guarantee,11,0.041243587
P2 Panic and guarantee,10,0.04340544
P2 Panic and guarantee,9,0.045643143
P2 Panic and guarantee,8,0.047973335
P2 Panic and guarantee,7,0.050521336
P2 Panic and guarantee,6,0.054190088
P2 Panic and guarantee,5,0.059624225
P2 Panic and guarantee,4,0.06394879
P2 Panic and guarantee,3,0.070852794
P2 Panic and guarantee,2,0.07843156
P2 Panic and guarantee,1,0.08274895
P2 Panic and guarantee,0,0.079262294
P3 Relief,21,0.028533438
P3 Relief,20,0.031536672
P3 Relief,19,0.033695195
P3 Relief,18,0.035620343
P3 Relief,17,0.03691827
P3 Relief,16,0.038379606
P3 Relief,15,0.040026993
P3 Relief,14,0.041114617
P3 Relief,13,0.042981807
P3 Relief,12,0.044356924
P3 Relief,11,0.045817006
P3 Relief,10,0.046787
P3 Relief,9,0.04905788
P3 Relief,8,0.050278846
P3 Relief,7,0.05280329
P3 Relief,6,0.05462118
P3 Relief,5,0.055860765
P3 Relief,4,0.05651034
P3 Relief,3,0.056566335
P3 Relief,2,0.05635118
P3 Relief,1,0.054647632
P3 Relief,0,0.04753463
P4 Sovereign crisis,21,0.013450786
P4 Sovereign crisis,20,0.01583544
P4 Sovereign crisis,19,0.017966617
P4 Sovereign crisis,18,0.020485286
P4 Sovereign crisis,17,0.022869831
P4 Sovereign crisis,16,0.025774708
P4 Sovereign crisis,15,0.029200424
P4 Sovereign crisis,14,0.032329712
P4 Sovereign crisis,13,0.036208738
P4 Sovereign crisis,12,0.039756335
P4 Sovereign crisis,11,0.04438706
P4 Sovereign crisis,10,0.049288925
P4 Sovereign crisis,9,0.0535719
P4 Sovereign crisis,8,0.058356278
P4 Sovereign crisis,7,0.063202254
P4 Sovereign crisis,6,0.06801613
P4 Sovereign crisis,5,0.07221224
P4 Sovereign crisis,4,0.07471169
P4 Sovereign crisis,3,0.07545459
P4 Sovereign crisis,2,0.07416762
P4 Sovereign crisis,1,0.06563991
P4 Sovereign crisis,0,0.047113467
