phase,measure,group,days,share,ci_low,ci_high,seed_min,seed_max
P1 Distress,channel,ISEQ,408,0.5516588,0.5374106705188751,0.5696419611573219,0.52859515,0.6068936
P1 Distress,channel,banks,408,0.44834152,0.4303580105304718,0.4625893600285053,0.39310637,0.47140503
P1 Distress,input type,direction (returns),408,0.6090646,0.5762147426605224,0.6323814213275909,0.5444357,0.6812489
P1 Distress,input type,size (squared returns),408,0.39093548,0.36761851906776427,0.4237852290272713,0.31875122,0.45556435
P2 Panic and guarantee,channel,ISEQ,112,0.38276282,0.35735571160912516,0.4085679940879345,0.33501977,0.40505475
P2 Panic and guarantee,channel,banks,112,0.61723685,0.5914319768548012,0.6426442578434944,0.5949453,0.66498023
P2 Panic and guarantee,input type,direction (returns),112,0.7848305,0.7747611775994301,0.7951918333768845,0.7412061,0.8387065
P2 Panic and guarantee,input type,size (squared returns),112,0.21516952,0.20480818077921867,0.22523885183036327,0.16129354,0.25879386
P3 Relief,channel,ISEQ,281,0.40762228,0.39124082326889037,0.4259866751730442,0.35041133,0.4374259
P3 Relief,channel,banks,281,0.5923778,0.5740133553743363,0.6087591469287872,0.56257415,0.64958864
P3 Relief,input type,direction (returns),281,0.6989921,0.6549636587500572,0.7388877972960473,0.61972654,0.7315438
P3 Relief,input type,size (squared returns),281,0.30100772,0.26111217513680457,0.34503634199500083,0.26845622,0.3802735
P4 Sovereign crisis,channel,ISEQ,574,0.56003225,0.5261899963021278,0.5923263505101204,0.52869624,0.59353834
P4 Sovereign crisis,channel,banks,574,0.43996724,0.4076736502349377,0.4738099753856659,0.40646154,0.47130376
P4 Sovereign crisis,input type,direction (returns),574,0.41692558,0.39981607645750045,0.4332625947892666,0.3439057,0.49112323
P4 Sovereign crisis,input type,size (squared returns),574,0.5830743,0.5667374342679977,0.6001838937401771,0.50887686,0.65609425
