phase,days,model,QLIKE,MSE (x1e6),DM vs GARCH: diff,DM vs GARCH: p,MCS p,in 90% MCS,QLIKE frozen,frozen / refit
P1 Distress,408,GARCH,0.5034800010706617,9.31669704312834,0.0,,0.2584,True,0.6223365223169012,1.2360699948230085
P1 Distress,408,HAR,0.7522848826791712,13.372197695372478,0.24880488160850933,0.0021822675528119155,0.0107,False,1.287045485964655,1.7108485303878485
P1 Distress,408,LSTM-A,0.8053625972369076,14.445996948750551,0.30188259616624596,0.02468887552695675,0.0347,False,1.912429537878741,2.374619263968843
P1 Distress,408,RF-A,1.185249843046563,16.121970091921987,0.6817698419759015,0.010906930242979219,0.036,False,2.742027409817876,2.313459416092202
P1 Distress,408,SVR-A,0.5480547434507919,32.26760238914514,0.04457474238013018,0.37070258080762813,0.0548,False,0.9829898075500818,1.7935978463770772
P1 Distress,408,XGB-A,1.1658324432302785,15.666246084037383,0.6623524421596167,0.006503442880631165,0.0163,False,3.1186910952389413,2.6750766058608724
P1 Distress,408,RF-hybrid-A,0.4745471110438604,8.736456678168974,-0.028932890026801324,0.29424249489599175,0.2584,True,0.7014721926262002,1.4781929471305244
P1 Distress,408,LSTM-B,0.6014878411040354,12.716370399481267,0.0980078400333738,0.21746000353135617,0.2584,True,1.3677232898170582,2.273900146188478
P1 Distress,408,RF-B,1.160604311283547,16.08588504930477,0.6571243102128851,0.013301122230702712,0.0462,False,2.657277285908578,2.2895635145192728
P1 Distress,408,SVR-B,1.5861232238955953,16.9216169275135,1.0826432228249332,0.005642484065964962,0.0153,False,3.6131108446217,2.2779509121288353
P1 Distress,408,XGB-B,1.0182200936158492,14.312717896469417,0.5147400925451874,0.0020658644661801858,0.0109,False,3.458087448812931,3.396208217157407
P1 Distress,408,RF-hybrid-B,0.46760005571671626,8.597280181656616,-0.03587994535394542,0.1338214719036382,1.0,True,0.6773323420318217,1.4485292158351804
P2 Panic and guarantee,112,GARCH,0.27922338570346783,13.922189024780065,0.0,,1.0,True,0.41138279719594195,1.4733106833423544
P2 Panic and guarantee,112,HAR,0.41171503041245133,22.288307155411204,0.1324916447089835,0.12312292670145007,0.1261,True,1.6634446158071727,4.0402814882438305
P2 Panic and guarantee,112,LSTM-A,1.3820037215029364,37.086171935121946,1.1027803357994685,0.06656495875792508,0.0259,False,5.045983932044239,3.6512086425908494
P2 Panic and guarantee,112,RF-A,1.8454046713317587,38.693256968318316,1.5661812856282908,0.03976721603071762,0.0122,False,6.928775928553418,3.7546105936500003
P2 Panic and guarantee,112,SVR-A,0.5729261146628597,1220.5435123436273,0.2937027289593919,0.012226989257858277,0.0259,False,1.4078466514213797,2.4572918137094026
P2 Panic and guarantee,112,XGB-A,1.8831921442742021,38.31555777599419,1.6039687585707345,0.04256544949804074,0.0768,False,8.211448802191049,4.360388198919452
P2 Panic and guarantee,112,RF-hybrid-A,0.2820122832786608,15.788080718661432,0.002788897575192991,0.8673260312102448,0.7566,True,0.49817212918477505,1.7664908896628566
P2 Panic and guarantee,112,LSTM-B,1.0304533691743263,33.408638584138295,0.7512299834708586,0.1754660218083565,0.2806,True,3.8460986623648528,3.7324334874528335
P2 Panic and guarantee,112,RF-B,1.7831388275220934,38.35673585529344,1.503915441818626,0.04608054985758379,0.1042,True,6.652936974454349,3.7310258022363194
P2 Panic and guarantee,112,SVR-B,2.528062268413792,39.3900815195649,2.2488388827103245,0.03841836490306398,0.1012,True,9.244064422104676,3.656580985999516
P2 Panic and guarantee,112,XGB-B,1.2818199681811957,34.55760460103215,1.0025965824777276,0.04206745312171527,0.1042,True,9.41690504058574,7.346511424648508
P2 Panic and guarantee,112,RF-hybrid-B,0.280003308891645,16.046525694822932,0.0007799231881772098,0.9673268034055686,0.9609,True,0.47447312690358723,1.6945268567779594
P3 Relief,281,GARCH,0.32671664046730736,1.7330545872119676,0.0,,0.4664,True,0.46896245483304366,1.4353797656656855
P3 Relief,281,HAR,0.3092385378299463,1.67294514224213,-0.017478102637361038,0.27764916881391044,1.0,True,0.6383517891157603,2.064269846815784
P3 Relief,281,LSTM-A,0.44175030230942386,4.071009002492685,0.11503366184211654,0.06295737361694774,0.0517,False,1.01673124680039,2.3015971726222406
P3 Relief,281,RF-A,0.41811338158331396,4.286936370492477,0.0913967411160066,0.16056176399099212,0.1134,True,1.1177775405781656,2.673383799258851
P3 Relief,281,SVR-A,0.49465526139369664,2.5005080527886125,0.16793862092638936,0.01678663347325953,0.0574,False,0.7656304420701546,1.5478061224154018
P3 Relief,281,XGB-A,0.43736439246771547,5.962830163949131,0.11064775200040818,0.12146620935617548,0.1134,True,1.4231196209540864,3.2538534125389176
P3 Relief,281,RF-hybrid-A,0.3406305953565003,1.9798045163805722,0.013913954889192953,0.4865762992274339,0.4664,True,0.5353334000319226,1.5715951747424464
P3 Relief,281,LSTM-B,0.4517389879210607,5.581067555123031,0.1250223474537534,0.11721573713099044,0.1134,True,0.8740386015263861,1.9348310083855775
P3 Relief,281,RF-B,0.47346972263003945,5.4821478616038055,0.1467530821627321,0.06440936420375408,0.072,False,1.0407406098205008,2.1981143884753034
P3 Relief,281,SVR-B,0.6457176139755249,12.70003076037456,0.3190009735082174,0.0018539139999571598,0.0009,False,1.5069039977375154,2.333688852716712
P3 Relief,281,XGB-B,0.5445412617819391,8.331560597793365,0.2178246213146316,0.013578945225893927,0.0021,False,1.5610793136138361,2.8667787423590476
P3 Relief,281,RF-hybrid-B,0.3240353219576142,1.9876419397434115,-0.002681318509693174,0.907033462971063,0.4827,True,0.5127722554146878,1.582457900937607
P4 Sovereign crisis,574,GARCH,0.3743093261214953,1.269002991023791,0.0,,0.8456,True,0.45927388301601507,1.2269902216300683
P4 Sovereign crisis,574,HAR,0.37975422958415944,1.3064826306040012,0.005444903462664115,0.5708239975444004,0.8041,True,0.5742311046709057,1.5121124662645715
P4 Sovereign crisis,574,LSTM-A,0.41777746615130334,2.1234958434187203,0.04346814002980799,0.18727067147247956,0.2773,True,0.6845652089870233,1.638588158651667
P4 Sovereign crisis,574,RF-A,0.39518772483867287,2.3167433423341435,0.020878398717177563,0.3304394503236733,0.251,True,0.7840246751393428,1.983929727218639
P4 Sovereign crisis,574,SVR-A,0.36522165984971255,1.7221618349571777,-0.00908766627178278,0.5728134818139027,1.0,True,0.5275393687367437,1.4444361513329311
P4 Sovereign crisis,574,XGB-A,0.4151003684881906,3.064152980658722,0.04079104236669528,0.06521472485606282,0.0383,False,0.9019896174027786,2.1729434273639767
P4 Sovereign crisis,574,RF-hybrid-A,0.37461053000951433,1.4196091025667767,0.0003012038880190224,0.9768895685387302,0.8456,True,0.47270624076245993,1.2618605268529268
P4 Sovereign crisis,574,LSTM-B,0.4200076951818913,1.5743258412022272,0.04569836906039595,0.26771247493682315,0.3977,True,0.5007932221526115,1.1923429687061677
P4 Sovereign crisis,574,RF-B,0.3787499435452767,1.4619354886834217,0.0044406174237813885,0.8551338283344578,0.8456,True,0.7410895813723108,1.956672453691651
P4 Sovereign crisis,574,SVR-B,0.3892954103666471,1.2562516868482554,0.014986084245151755,0.6749283916161916,0.8456,True,0.9967353187196315,2.5603572304664057
P4 Sovereign crisis,574,XGB-B,0.4111679875889638,1.722704979688946,0.036858661467468475,0.2729879124795664,0.138,True,0.9598936993344759,2.3345535846872933
P4 Sovereign crisis,574,RF-hybrid-B,0.37774510692500346,1.281196673994865,0.003435780803508173,0.7571831259230007,0.8456,True,0.45779943676334245,1.2119268479478484
Whole crisis,1375,GARCH,0.3951663918550328,4.782468087437054,0.0,,0.5189,True,0.5057380604003775,1.2798104060071689
Whole crisis,1375,HAR,0.47848674360059557,6.670665946221645,0.0833203517455627,0.002876678644348485,0.0432,False,0.887567899684808,1.8549477316882206
Whole crisis,1375,LSTM-A,0.6162243323642062,9.02578774956122,0.22105794050917335,0.0027888361331976194,0.0434,False,1.4720460815657759,2.3888152483660035
Whole crisis,1375,RF-A,0.7524326352250649,9.778798819319277,0.3572662433700321,0.00180111425380769,0.0511,False,1.9337423560989988,2.5699873524499437
Whole crisis,1375,SVR-A,0.462843215545838,110.22343186425928,0.06767682369080516,0.005887469783494556,0.0169,False,0.7830461224118053,1.6918172204130661
Whole crisis,1375,XGB-A,0.7619957547580466,10.267309061939208,0.3668293629030136,0.0008656907639298626,0.0432,False,2.261634099331039,2.96804028790051
Whole crisis,1375,RF-hybrid-A,0.3897776280390858,4.875578224843123,-0.005388763815947044,0.5944101194986778,0.5189,True,0.555460364121314,1.4250698966889246
Whole crisis,1375,LSTM-B,0.5300661012059598,8.292356116546543,0.134899709350927,0.022884359374740124,0.0708,False,1.1068031337998088,2.088047379905464
Whole crisis,1375,RF-B,0.7444985944292302,9.628094571290301,0.3493322025741974,0.002108210784934078,0.0511,False,1.852459348986803,2.488197241536757
Whole crisis,1375,SVR-B,0.9710425196286003,11.349458871660312,0.5758761277735677,0.0005094625334432704,0.0165,False,2.549127662684137,2.6251452548742304
Whole crisis,1375,XGB-B,0.6894721120497093,9.483666766106555,0.2943057201946766,6.703215712112968e-05,0.0096,False,2.5128984103307324,3.644670127208218
Whole crisis,1375,RF-hybrid-B,0.3854696801260553,4.799153067546923,-0.009696711728977438,0.3248488059984716,1.0,True,0.5355334299897242,1.3893010464911155
