model,phase,group,share,ci_low,ci_high
RF-B,P1 Distress,ISEQ size,0.25241097240891897,0.24464046127960562,0.25919814381463513
RF-B,P1 Distress,ISEQ leverage,0.44177129520648595,0.4304668260906338,0.45390241347912086
RF-B,P1 Distress,banks,0.3058177323845951,0.2976499819048878,0.3140687155719251
RF-B,P2 Panic and guarantee,ISEQ size,0.28632837412555,0.27651356756549716,0.2933885808117985
RF-B,P2 Panic and guarantee,ISEQ leverage,0.3546202304515311,0.3293709163111294,0.3916470797662
RF-B,P2 Panic and guarantee,banks,0.35905139542291886,0.33121680675279347,0.3783978884281898
RF-B,P3 Relief,ISEQ size,0.26352814120411516,0.2354325319225433,0.2909418579990449
RF-B,P3 Relief,ISEQ leverage,0.20902552908946015,0.17582765475414153,0.239335857661848
RF-B,P3 Relief,banks,0.5274463297064246,0.48004570967143445,0.579708247190204
RF-B,P4 Sovereign crisis,ISEQ size,0.214333821830984,0.20123548475922112,0.2255218794403299
RF-B,P4 Sovereign crisis,ISEQ leverage,0.16435382214281755,0.13526462357806782,0.19303134238456326
RF-B,P4 Sovereign crisis,banks,0.6213123560261984,0.5871944898877434,0.6558834097021434
RF-hybrid-B,P1 Distress,ISEQ size,0.5152644371419418,0.5079779134543617,0.5219979176950849
RF-hybrid-B,P1 Distress,ISEQ leverage,0.17264617532101215,0.15666519285794722,0.18767977769448901
RF-hybrid-B,P1 Distress,banks,0.10102001213547467,0.088110607389506,0.11561009307394367
RF-hybrid-B,P1 Distress,GARCH input,0.21106937540157142,0.19898640721100105,0.22218196798978918
RF-hybrid-B,P2 Panic and guarantee,ISEQ size,0.47438507813239195,0.4513897139111886,0.5040640234770203
RF-hybrid-B,P2 Panic and guarantee,ISEQ leverage,0.1939037574058397,0.18171861459810287,0.2035903703686536
RF-hybrid-B,P2 Panic and guarantee,banks,0.16986499320509157,0.09464724693330312,0.2328517745840721
RF-hybrid-B,P2 Panic and guarantee,GARCH input,0.16184617125667686,0.11664255721755114,0.21737554079229993
RF-hybrid-B,P3 Relief,ISEQ size,0.4226211695597085,0.398690382183607,0.4452165526603029
RF-hybrid-B,P3 Relief,ISEQ leverage,0.16949280228630928,0.15723415695884319,0.18114539257260043
RF-hybrid-B,P3 Relief,banks,0.3500365195599914,0.3287772025356377,0.37577257994213237
RF-hybrid-B,P3 Relief,GARCH input,0.05784950859399084,0.05054178430076537,0.06299784494018758
RF-hybrid-B,P4 Sovereign crisis,ISEQ size,0.23765875938108574,0.21668467701755662,0.260002157875113
RF-hybrid-B,P4 Sovereign crisis,ISEQ leverage,0.18417600409218943,0.16289202740651257,0.20311752261202465
RF-hybrid-B,P4 Sovereign crisis,banks,0.5368016414889077,0.5021302874305137,0.5747890614922677
RF-hybrid-B,P4 Sovereign crisis,GARCH input,0.04136359503781715,0.03529511436354449,0.047726708071098925
