feature,boom mean,boom sd,boom min,boom max,crisis mean,crisis min,crisis max,crisis days outside the boom range (%),"outside, P1 Distress (%)","outside, P2 Panic and guarantee (%)","outside, P3 Relief (%)","outside, P4 Sovereign crisis (%)"
rv_d,-11.125138055616466,2.237011262742194,-18.420680743952367,-5.585754096663323,-9.565929235651524,-18.420680743952367,-3.9374374413356916,1.309090909090909,1.4705882352941175,8.928571428571429,0.3558718861209964,0.17421602787456447
rv_w,-10.036907297699981,0.9177668815511454,-14.14767512820715,-7.122249442536091,-8.507053805484013,-11.99213898170699,-5.142606429846277,11.418181818181818,13.970588235294118,50.89285714285714,6.761565836298933,4.181184668989547
rv_m,-9.805034116267546,0.6613176471188679,-11.3105634086433,-7.841631706239984,-8.29400106433734,-10.165674524196953,-5.615086552452739,30.10909090909091,36.029411764705884,100.0,31.672597864768683,11.498257839721255
lev_d,-0.002624052138457066,0.005160300179218632,-0.0612447560745632,0.0,-0.00738180781438877,-0.13963565392309,0.0,0.8,0.7352941176470588,6.25,0.3558718861209964,0.0
lev_w,-0.0026310275901365618,0.0026473782145042066,-0.0163130757757034,0.0,-0.007372443072548939,-0.06347234576401486,0.0,9.309090909090909,13.480392156862745,40.17857142857143,2.8469750889679712,3.484320557491289
lev_m,-0.0026335917303895633,0.0015470498140857801,-0.009885222809027296,-0.00025973960267657725,-0.007349226184564583,-0.03402723253346251,-0.0013662385212393682,21.01818181818182,27.450980392156865,82.14285714285714,12.811387900355871,8.536585365853659
bank_rv_d,-11.198728142906026,2.883825195316004,-18.420680743952367,-5.797142714988485,-7.861994855136208,-18.420680743952367,-0.3564396998901207,21.745454545454546,7.107843137254902,57.14285714285714,34.519572953736656,18.989547038327526
bank_rv_w,-9.676680252509215,1.0189044093959823,-12.903237156119946,-6.977754615884289,-6.639686441461225,-10.885630132852238,-1.8666557562310788,59.63636363636363,26.96078431372549,91.96428571428571,87.54448398576513,62.89198606271778
bank_rv_m,-9.397837657922178,0.632867169738572,-10.548416586235648,-7.592706737132968,-6.355080919622875,-9.675494056274923,-2.901229982957669,85.38181818181818,50.98039215686274,100.0,100.0,99.82578397212544
