year,ISEQ days,ISEQ zero-return (%),ISEQ open = previous close (%),ISEQ high = low (%),Bank of Ireland zero-return (%),AIB zero-return (%)
2003,253,0.0,3.557312252964427,0.3952569169960474,21.839080459770116,18.773946360153257
2004,254,0.0,5.118110236220472,0.0,24.80916030534351,20.229007633587788
2005,253,0.0,9.486166007905137,0.0,20.384615384615383,21.153846153846153
2006,253,0.0,15.019762845849801,0.0,26.744186046511626,25.968992248062015
2007,254,0.0,16.535433070866144,0.0,17.322834645669293,19.68503937007874
2008,254,0.0,43.30708661417323,0.0,1.5686274509803921,1.5686274509803921
2009,251,0.0,47.410358565737056,0.0,0.796812749003984,1.1952191235059761
2010,254,0.39370078740157477,44.881889763779526,0.0,2.7559055118110236,1.968503937007874
2011,253,0.0,40.316205533596836,0.0,7.114624505928854,7.905138339920949
2012,254,0.0,34.25196850393701,0.0,16.92913385826772,21.25984251968504
