period,lag k (bank leads ISEQ by k days),corr,granger,F-test p (5 lags)
Boom,-5.0,0.01383322470913057,,
Boom,-4.0,0.031080146583620027,,
Boom,-3.0,0.04354056410631487,,
Boom,-2.0,0.03910748099880447,,
Boom,-1.0,0.1062151399102652,,
Boom,0.0,0.10311670224465541,,
Boom,1.0,0.07026709516993905,,
Boom,2.0,0.0002797570197016981,,
Boom,3.0,0.035779021347005245,,
Boom,4.0,-0.010188598899695698,,
Boom,5.0,0.0075871457760012554,,
Boom,,,bank -> iseq,0.5738663689059975
Boom,,,iseq -> bank,0.005608883385575305
Crisis P1-P4,-5.0,0.09366590628190012,,
Crisis P1-P4,-4.0,0.08521576880313082,,
Crisis P1-P4,-3.0,0.12509979948361646,,
Crisis P1-P4,-2.0,0.1284123461751995,,
Crisis P1-P4,-1.0,0.1135100967359943,,
Crisis P1-P4,0.0,0.32583478600758886,,
Crisis P1-P4,1.0,0.08557182549212886,,
Crisis P1-P4,2.0,0.09638533479027042,,
Crisis P1-P4,3.0,0.08422775173753368,,
Crisis P1-P4,4.0,0.10525251570064377,,
Crisis P1-P4,5.0,0.07877805148388928,,
Crisis P1-P4,,,bank -> iseq,0.5388129578726331
Crisis P1-P4,,,iseq -> bank,0.23929962559929452
