date,ISEQ return (%),bank return (%),phase
2005-02-28,-6.12447560745632,0.14117327229521415,Boom
2008-07-11,-5.97469887545027,-8.557524625109147,P1 Distress
2008-08-01,-6.666207080837689,-0.38561776168166695,P1 Distress
2008-08-05,7.6803654645932005,11.706920633896756,P1 Distress
2008-09-08,6.48103853270303,10.75419011046046,P1 Distress
2008-09-19,9.73308932601195,24.798704215343605,P1 Distress
2008-09-23,-6.13402776067122,-5.9154677105517806,P1 Distress
2008-09-29,-13.963565392308999,-20.42591981620152,P1 Distress
2008-09-30,7.577554942816881,17.721994952791764,P2 Panic and guarantee
2008-10-06,-10.43450599141735,-17.564467351739843,P2 Panic and guarantee
2008-10-07,-7.4111376238239,-16.89535632532495,P2 Panic and guarantee
2008-10-08,-7.707290283993901,-13.46028845573235,P2 Panic and guarantee
2008-10-15,-6.58939976338066,-7.409899113432261,P2 Panic and guarantee
2008-10-22,-6.67069050060229,-12.222185075573355,P2 Panic and guarantee
2008-10-29,6.13109181585072,10.258446428805556,P2 Panic and guarantee
2008-10-31,8.94757109676129,24.414620250106566,P2 Panic and guarantee
2008-11-06,-8.74618855951192,-20.041227572637,P2 Panic and guarantee
2009-01-19,-7.71534999849548,-83.67584419678501,P2 Panic and guarantee
2009-10-28,-6.74548172268174,-20.72168163032302,P3 Relief
2010-05-10,7.57009097881482,19.08555597539232,P4 Sovereign crisis
