,rv_d,rv_w,rv_m,lev_d,lev_w,lev_m,bank_rv_d,bank_rv_w,bank_rv_m,target (log RV5)
rv_d,1.0,0.5274633413327731,0.4247770386410723,-0.46558662117365257,-0.4120948586260875,-0.3940525719786738,0.34088116446312633,0.3499441709881708,0.34385707750357647,0.3367612046034694
rv_w,0.5274633413327731,1.0,0.8195327814894628,-0.3971449844824997,-0.7236192703978358,-0.7466317773190622,0.44838087401051285,0.7031011233722901,0.6442709625353498,0.6234882412325488
rv_m,0.4247770386410723,0.8195327814894628,1.0,-0.34116017770196594,-0.6202203015099583,-0.871557375841713,0.4617501038463378,0.7250115013334054,0.784649200830047,0.7045372749520943
lev_d,-0.46558662117365257,-0.3971449844824997,-0.34116017770196594,1.0,0.5707005202158443,0.4156263642654241,-0.26533921412209827,-0.26741204078276043,-0.2440784758609542,-0.3338273184104658
lev_w,-0.4120948586260875,-0.7236192703978358,-0.6202203015099583,0.5707005202158443,1.0,0.7397006432226294,-0.3490088411074122,-0.5036665640050189,-0.4454533133997315,-0.5648328771200053
lev_m,-0.3940525719786738,-0.7466317773190622,-0.871557375841713,0.4156263642654241,0.7397006432226294,1.0,-0.38230222747010545,-0.590400329254549,-0.6218883528829116,-0.6653821806559954
bank_rv_d,0.34088116446312633,0.44838087401051285,0.4617501038463378,-0.26533921412209827,-0.3490088411074122,-0.38230222747010545,1.0,0.6202231512962635,0.5768797359084504,0.3725674708747203
bank_rv_w,0.3499441709881708,0.7031011233722901,0.7250115013334054,-0.26741204078276043,-0.5036665640050189,-0.590400329254549,0.6202231512962635,1.0,0.8978378906773322,0.5737166755477591
bank_rv_m,0.34385707750357647,0.6442709625353498,0.784649200830047,-0.2440784758609542,-0.4454533133997315,-0.6218883528829116,0.5768797359084504,0.8978378906773322,1.0,0.6031090660204241
target (log RV5),0.3367612046034694,0.6234882412325488,0.7045372749520943,-0.3338273184104658,-0.5648328771200053,-0.6653821806559954,0.3725674708747203,0.5737166755477591,0.6031090660204241,1.0
