period,series,days,mean (% a year),volatility (% a year),skewness,excess kurtosis,worst day (%),worst day,best day (%),best day,max drawdown (%),Jarque-Bera p,Ljung-Box Q(10) returns p,Ljung-Box Q(10) squared p,ARCH-LM(5) p,corr ISEQ-banks
Boom (2003 - 19 Feb 2007),ISEQ,1048,21.94999280913934,13.164849623388724,-0.7076854944098121,5.707369025510916,-6.12447560745632,2005-02-28,4.15116736378813,2006-06-15,-14.706759028531236,0.0,0.3698123934332293,3.268204276167085e-07,0.00011937382204903426,0.41312709006599446
Boom (2003 - 19 Feb 2007),Irish banks (BoI + AIB),1048,18.677128492448094,15.987677465733563,-0.12502469982817987,3.200574212054452,-5.5101884745863305,2004-02-25,5.069999326974894,2006-06-16,-15.969873787482324,1.8863417107677085e-98,0.004878807610604099,2.3940515343883276e-13,4.3596140157688856e-07,0.41312709006599446
P1 Distress,ISEQ,408,-68.34527802558569,34.22817330800651,-0.28798237923528885,5.112871120465732,-13.963565392308999,2008-09-29,9.73308932601195,2008-09-19,-67.02240645533846,1.8799663631298457e-98,0.008515131141035626,5.4737013777317876e-17,2.296250270680665e-08,0.8457645554450626
P1 Distress,Irish banks (BoI + AIB),408,-94.24759590580021,53.446835650670344,0.4045171978638184,11.777129035962233,-20.42591981620152,2008-09-29,24.798704215343605,2008-09-19,-78.54700094091041,0.0,1.952212090638163e-05,4.129633732770649e-26,1.2504287495087242e-07,0.8457645554450626
P2 Panic and guarantee,ISEQ,112,-121.70508250780517,53.07139777733926,-0.1677442093123477,0.7259043774346798,-10.43450599141735,2008-10-06,8.94757109676129,2008-10-31,-51.40605306764944,0.2248903108105119,0.05150438602251614,0.011211961321701163,0.06747430681586432,0.5370360355494691
P2 Panic and guarantee,Irish banks (BoI + AIB),112,-610.3481559855738,214.862684952354,-1.645473039047624,10.669241759394351,-83.67584419678501,2009-01-19,31.12828849177661,2009-03-06,-96.95396223064208,4.70142939212307e-127,0.0106597320299963,0.985126634449552,0.9074118131427634,0.5370360355494691
P3 Relief,ISEQ,281,50.48717968067907,27.141417917709347,-0.23695690439254358,0.698436813307644,-6.74548172268174,2009-10-28,4.75257120623684,2009-04-30,-19.53572545158757,0.015443658579456293,0.7175672242342154,0.005809179940082794,0.03228324365870931,0.6172659855065284
P3 Relief,Irish banks (BoI + AIB),281,162.70351135436158,107.35364597647897,0.25112483104141853,0.7901248838125681,-20.72168163032302,2009-10-28,20.60791556767272,2009-09-17,-70.71306618860918,0.005907799674063454,0.00057816712535717,6.639894055587999e-08,8.816517727727517e-06,0.6172659855065284
P4 Sovereign crisis,ISEQ,574,-3.3085939431140976,23.349243242991566,-0.12570044001833813,2.076331535263626,-5.95437075480278,2010-08-24,7.57009097881482,2010-05-10,-32.341580887670894,1.9145093404547684e-23,0.30187510326217204,6.804997220251324e-28,9.775868324256053e-10,0.5391236422462763
P4 Sovereign crisis,Irish banks (BoI + AIB),574,-128.5285947117645,77.17751416736247,0.16810659970453665,3.954898598041222,-25.28481377917729,2011-08-05,22.576275962197702,2011-04-01,-96.22911186747096,1.5177946357358304e-82,0.13775898500585018,4.948885825909856e-07,8.341937725972951e-05,0.5391236422462763
Whole crisis (P1-P4),ISEQ,1375,-21.25678407882896,31.0264883899125,-0.3909903940548719,4.405067042202582,-13.963565392308999,2008-09-29,9.73308932601195,2008-09-19,-80.79987346176252,9.661352859909264e-250,0.200490706052466,2.504481692277346e-157,4.441037562861695e-47,0.5789584488931779
Whole crisis (P1-P4),Irish banks (BoI + AIB),1375,-98.08562856285671,97.72369130330273,-1.5648116349234031,27.435674033629947,-83.67584419678501,2009-01-19,31.12828849177661,2009-03-06,-99.65520998863022,0.0,1.4786547005568235e-13,3.637030260054384e-15,1.2516139884300616e-09,0.5789584488931779
