test_year,seed,epochs,val_loss,smear,n_fit,n_val,seconds
2007,1,24,0.9288139939308167,1.6751902357530595,734,248,16.1
2007,2,20,0.9469320178031921,1.821454332868394,734,248,13.4
2007,3,29,0.9550377130508423,1.6663553207742603,734,248,19.3
2007,4,28,0.9340765476226807,1.7081068294262705,734,248,18.7
2007,5,20,0.9275181889533997,1.7809793962626346,734,248,13.4
2008,1,19,1.6881883144378662,3.1075957419027653,987,249,16.8
2008,2,20,1.7691409587860107,3.2138140165480467,987,249,17.6
2008,3,36,1.706161618232727,3.0527603370904384,987,249,31.1
2008,4,23,1.8172680139541626,3.2869919741037728,987,249,20.1
2008,5,17,1.6790891885757446,3.0853729057548405,987,249,14.9
2009,1,19,1.1909668445587158,2.772003387541322,1241,249,20.5
2009,2,22,0.9497334361076355,2.1938561428390675,1241,249,23.7
2009,3,39,1.0346192121505737,2.348196222837929,1241,249,43.8
2009,4,19,1.1187502145767212,2.583561005518762,1241,249,20.1
2009,5,25,0.9643886685371399,2.235387661991752,1241,249,27.7
2010,1,16,0.3318578898906708,1.2427488365402954,1495,246,21.5
2010,2,16,0.4386129081249237,2.111797294898676,1495,246,21.8
2010,3,16,0.373337060213089,1.6418057619486028,1495,246,21.8
2010,4,16,0.4534664452075958,2.1843493157313634,1495,246,22.8
2010,5,16,0.43072521686553955,1.1014586878275234,1495,246,21.9
2011,1,26,0.5638853311538696,1.8319857922274174,1746,249,41.8
2011,2,27,0.5645624995231628,1.6722213538177177,1746,249,43.3
2011,3,23,0.5792716145515442,1.9358529649127452,1746,249,37.1
2011,4,20,0.5607428550720215,1.785293669139033,1746,249,31.9
2011,5,20,0.5777643322944641,2.0090404475230312,1746,249,31.9
2012,1,19,0.30639371275901794,1.2571493967942529,2000,248,34.6
2012,2,20,0.2953738272190094,1.3205225738575863,2000,248,36.2
2012,3,22,0.30689388513565063,1.329661097748248,2000,248,39.6
2012,4,17,0.3004816770553589,1.2680945147633975,2000,248,31.3
2012,5,19,0.31190046668052673,1.4116871707978162,2000,248,34.5
2013,1,16,0.35134753584861755,1.2324241035779226,2253,249,32.9
2013,2,16,0.359324187040329,1.2597396043032316,2253,249,32.4
2013,3,16,0.35809987783432007,1.3844470783059533,2253,249,30.4
2013,4,16,0.35825785994529724,1.3550261478493946,2253,249,30.3
2013,5,27,0.36427268385887146,1.2453272649126879,2253,249,54.8
2014,1,23,0.32192638516426086,1.1400191122892294,2507,249,51.4
2014,2,29,0.3068973422050476,1.2477811842913304,2507,249,64.2
2014,3,22,0.31153735518455505,1.2341518965023064,2507,249,49.8
2014,4,24,0.32076701521873474,1.3561003182567133,2507,249,54.0
2014,5,27,0.30962875485420227,1.2794413086014031,2507,249,60.0
2015,1,17,0.4152591824531555,1.3584133658087811,2761,249,39.4
2015,2,26,0.39568203687667847,1.3775310351883936,2761,249,60.4
2015,3,24,0.410989910364151,1.435842979564573,2761,249,55.7
2015,4,31,0.4017595648765564,1.290441904306928,2761,249,71.8
2015,5,21,0.4105614423751831,1.3952286782276564,2761,249,48.9
2016,1,19,0.37480291724205017,1.3986688056019227,3015,249,48.3
2016,2,18,0.3974079191684723,1.5911967586054654,3015,249,45.9
2016,3,19,0.39060917496681213,1.5652032714353274,3015,249,47.7
2016,4,22,0.3853394389152527,1.378997742323574,3015,249,55.2
2016,5,19,0.39593279361724854,1.6077264550029593,3015,249,47.3
2017,1,16,0.6134867072105408,1.7206135845063306,3269,249,43.3
2017,2,16,0.6163095235824585,1.6646052807132399,3269,249,43.1
2017,3,16,0.5917157530784607,1.9198013328798431,3269,249,43.2
2017,4,16,0.6219757199287415,2.086867655541234,3269,249,43.6
2017,5,16,0.6456869840621948,1.854965967922104,3269,249,44.5
2018,1,16,0.48238953948020935,1.26840464691381,3523,248,47.9
2018,2,16,0.49883416295051575,1.2390107482968473,3523,248,48.5
2018,3,35,0.49269935488700867,1.1287858797930659,3523,248,103.0
2018,4,40,0.47610798478126526,1.0219713092812086,3523,248,116.9
2018,5,37,0.5165732502937317,1.0776745400789902,3523,248,108.0
2019,1,19,0.5059197545051575,1.3388310473605072,3776,248,59.5
2019,2,20,0.4982815682888031,1.208020443913805,3776,248,61.7
2019,3,21,0.5289313197135925,1.2195751066079477,3776,248,64.1
2019,4,18,0.5154984593391418,1.1021312857069114,3776,248,55.7
2019,5,18,0.5035122632980347,1.1748125013855746,3776,248,56.3
2020,1,22,0.31711044907569885,1.3256837755794382,4029,248,73.2
2020,2,23,0.3205936849117279,1.3188518329267684,4029,248,77.4
2020,3,18,0.32381901144981384,1.2810546876296873,4029,248,60.4
2020,4,24,0.3144586384296417,1.1460871678504014,4029,248,79.9
2020,5,19,0.3178689181804657,1.3124689701659988,4029,248,62.8
2021,1,20,0.5586262941360474,1.6753243199169587,4282,251,71.0
2021,2,20,0.559186577796936,1.6374462895105526,4282,251,71.5
2021,3,22,0.5741462707519531,1.5178651165154773,4282,251,78.7
2021,4,24,0.5556547045707703,1.5334811111574322,4282,251,85.5
2021,5,20,0.5499064922332764,1.64802770058861,4282,251,72.0
2022,1,20,0.7338522672653198,1.6103019401996246,4538,250,76.7
2022,2,18,0.7325849533081055,1.5504064894050384,4538,250,68.5
2022,3,16,0.7663264870643616,1.569272633126955,4538,250,60.7
2022,4,17,0.7215379476547241,1.6178903990749012,4538,250,64.2
2022,5,21,0.7273494601249695,1.6089868604985695,4538,250,81.2
2023,1,25,0.471759170293808,1.4367316263213283,4793,249,95.6
2023,2,17,0.4782213270664215,1.2363259199393346,4793,249,68.6
2023,3,20,0.4757208824157715,1.27270967465083,4793,249,75.1
2023,4,28,0.44941437244415283,1.2871202455775004,4793,249,93.5
2023,5,22,0.46416404843330383,1.279892000647935,4793,249,77.8
