lookback,hidden,layers,year,seed,val_loss,epochs
22,32,1,2007,101,0.9118965864181519,21
22,32,1,2007,102,0.9123822450637817,30
22,32,1,2008,101,1.8768088817596436,29
22,32,1,2008,102,1.835810661315918,31
22,32,2,2007,101,0.9427394866943359,19
22,32,2,2007,102,0.9121424555778503,26
22,32,2,2008,101,1.7822601795196533,31
22,32,2,2008,102,1.8159135580062866,27
22,64,1,2007,101,0.9355295896530151,27
22,64,1,2007,102,0.9064742922782898,18
22,64,1,2008,101,1.7825746536254883,19
22,64,1,2008,102,1.8032269477844238,25
22,64,2,2007,101,0.9419867396354675,23
22,64,2,2007,102,0.8984017968177795,21
22,64,2,2008,101,1.644221544265747,19
22,64,2,2008,102,1.7424169778823853,31
66,32,1,2007,101,0.9700431823730469,23
66,32,1,2007,102,0.9692872166633606,39
66,32,1,2008,101,1.8942039012908936,27
66,32,1,2008,102,1.8958740234375,29
66,32,2,2007,101,0.9689136743545532,29
66,32,2,2007,102,0.9678483605384827,24
66,32,2,2008,101,1.769929051399231,37
66,32,2,2008,102,1.8309351205825806,22
66,64,1,2007,101,0.9431214928627014,35
66,64,1,2007,102,0.9235464334487915,28
66,64,1,2008,101,1.6399614810943604,22
66,64,1,2008,102,1.7879997491836548,20
66,64,2,2007,101,0.9814656972885132,18
66,64,2,2007,102,0.9371488094329834,26
66,64,2,2008,101,1.787658452987671,22
66,64,2,2008,102,1.6927388906478882,27
