model,max_depth,min_samples_leaf,n_estimators,mean_cv_mse,C,epsilon,gamma,kernel
RF,3,1,200,0.790392295307986,,,,
RF,3,1,500,0.7888757971558501,,,,
RF,3,5,200,0.804144894280863,,,,
RF,3,5,500,0.8005235599463469,,,,
RF,3,20,200,0.8088649903152275,,,,
RF,3,20,500,0.8109478180998828,,,,
RF,3,50,200,0.822033009929436,,,,
RF,3,50,500,0.8199686120910036,,,,
RF,5,1,200,0.8249985692330851,,,,
RF,5,1,500,0.823476194262885,,,,
RF,5,5,200,0.8329134910718048,,,,
RF,5,5,500,0.8313912057230903,,,,
RF,5,20,200,0.8156529168869644,,,,
RF,5,20,500,0.8177803834285235,,,,
RF,5,50,200,0.8213555136369808,,,,
RF,5,50,500,0.8195893022907799,,,,
RF,10,1,200,0.8611017341776636,,,,
RF,10,1,500,0.8605308521054427,,,,
RF,10,5,200,0.8569836015589184,,,,
RF,10,5,500,0.8557093358456198,,,,
RF,10,20,200,0.8162086576217525,,,,
RF,10,20,500,0.8180049724569504,,,,
RF,10,50,200,0.8213555136369803,,,,
RF,10,50,500,0.8195893022907802,,,,
RF,None,1,200,0.8669131932368547,,,,
RF,None,1,500,0.863866103742976,,,,
RF,None,5,200,0.8583392242022263,,,,
RF,None,5,500,0.8569622058279183,,,,
RF,None,20,200,0.8162086576217529,,,,
RF,None,20,500,0.8180049724569504,,,,
RF,None,50,200,0.8213555136369812,,,,
RF,None,50,500,0.8195893022907802,,,,
SVR,,,,0.8214604065164277,0.1,0.05,scale,linear
SVR,,,,0.8462933277352063,0.1,0.05,scale,rbf
SVR,,,,0.8214604065164277,0.1,0.05,0.01,linear
SVR,,,,0.8179561847030954,0.1,0.05,0.01,rbf
SVR,,,,0.828886462550589,0.1,0.1,scale,linear
SVR,,,,0.8485610294575314,0.1,0.1,scale,rbf
SVR,,,,0.828886462550589,0.1,0.1,0.01,linear
SVR,,,,0.8222614771905068,0.1,0.1,0.01,rbf
SVR,,,,0.8112597866110409,0.1,0.3,scale,linear
SVR,,,,0.8193241932295866,0.1,0.3,scale,rbf
SVR,,,,0.8112597866110409,0.1,0.3,0.01,linear
SVR,,,,0.820094588609791,0.1,0.3,0.01,rbf
SVR,,,,0.846348444988873,1,0.05,scale,linear
SVR,,,,0.8632044597946491,1,0.05,scale,rbf
SVR,,,,0.846348444988873,1,0.05,0.01,linear
SVR,,,,0.8092730969264288,1,0.05,0.01,rbf
SVR,,,,0.8548478662804264,1,0.1,scale,linear
SVR,,,,0.8595756787222163,1,0.1,scale,rbf
SVR,,,,0.8548478662804264,1,0.1,0.01,linear
SVR,,,,0.819802783574519,1,0.1,0.01,rbf
SVR,,,,0.8258063628911266,1,0.3,scale,linear
SVR,,,,0.8422066994930898,1,0.3,scale,rbf
SVR,,,,0.8258063628911266,1,0.3,0.01,linear
SVR,,,,0.8000719429341835,1,0.3,0.01,rbf
SVR,,,,0.8532205756764863,10,0.05,scale,linear
SVR,,,,1.1136669514409596,10,0.05,scale,rbf
SVR,,,,0.8532205756764863,10,0.05,0.01,linear
SVR,,,,0.8568136074766368,10,0.05,0.01,rbf
SVR,,,,0.8594046029311361,10,0.1,scale,linear
SVR,,,,1.1052259068078383,10,0.1,scale,rbf
SVR,,,,0.8594046029311361,10,0.1,0.01,linear
SVR,,,,0.8547610000174878,10,0.1,0.01,rbf
SVR,,,,0.8314196139825245,10,0.3,scale,linear
SVR,,,,1.0662445133596306,10,0.3,scale,rbf
SVR,,,,0.8314196139825245,10,0.3,0.01,linear
SVR,,,,0.8285845925314399,10,0.3,0.01,rbf
