test_year,model,n_fit,smear,max_forecast,max_actual
2007,RF,734,2.031330065230891,0.0009022384798115154,0.0057057698014369
2007,SVR,734,2.0797405299818528,0.0010363594825137559,0.0057057698014369
2008,RF,987,3.7777095501160947,0.002120131717509657,0.0292122096789999
2008,SVR,987,3.6500245030433995,0.002261496842689512,0.0292122096789999
2009,RF,1241,5.440978346895864,0.005925091559216872,0.0096129410456041
2009,SVR,1241,3.1075430133255755,0.009000479903688114,0.0096129410456041
2010,RF,1495,1.6496315378650799,0.009334830918601867,0.0103510022313458
2010,SVR,1495,1.551419884716841,0.008028504448548662,0.0103510022313458
2011,RF,1746,1.8170974265644104,0.004482175224508141,0.0051389463470098
2011,SVR,1746,1.6128606874306763,0.005819103215398738,0.0051389463470098
2012,RF,2000,1.584990221791557,0.0020179756831243782,0.002058409832348
2012,SVR,2000,1.4971168334204836,0.0017324643578758116,0.002058409832348
2013,RF,2253,1.3327074725148458,0.0011887994089695296,0.0015511898559941
2013,SVR,2253,1.3782321256663306,0.0011070792260461954,0.0015511898559941
2014,RF,2507,1.3140352902425492,0.0015465570415163987,0.0025973946655964
2014,SVR,2507,1.3108670476774218,0.0014576610563355882,0.0025973946655964
2015,RF,2761,1.5426052672956012,0.00429142902869898,0.0064266637110625
2015,SVR,2761,1.5126135656113393,0.0038788425737598846,0.0064266637110625
2016,RF,3015,1.556912416920301,0.004967709530519922,0.0189329191704863
2016,SVR,3015,1.5226391770359589,0.006298018306862327,0.0189329191704863
2017,RF,3269,1.7761379223828644,0.0007406408840817095,0.0009829087860243
2017,SVR,3269,1.8215474047306852,0.0007657945325892896,0.0009829087860243
2018,RF,3523,1.0658500813568164,0.0014291588943197483,0.002419657348024
2018,SVR,3523,1.0911685449324873,0.0017946227200711714,0.002419657348024
2019,RF,3776,1.0739983251999803,0.001478551334486784,0.0021625779575976
2019,SVR,3776,1.1438782040997943,0.001665436776203776,0.0021625779575976
2020,RF,4029,1.370321587672554,0.0074032001700156825,0.0242478595787751
2020,SVR,4029,1.3125940285936977,0.009475439668940466,0.0242478595787751
2021,RF,4282,1.7216047608845217,0.0018625065063792201,0.0023649884338905
2021,SVR,4282,1.6323737075632052,0.002016691602686774,0.0023649884338905
2022,RF,4538,1.641665589787449,0.004549560329862302,0.0087658830381891
2022,SVR,4538,1.59848088336212,0.004080886252408777,0.0087658830381891
2023,RF,4793,1.5839557194304803,0.0018750986144956201,0.0039739894036283
2023,SVR,4793,1.400613278181846,0.0017409155257264773,0.0039739894036283
