window,seed,domestic,US,euro
calm,1,0.56562936,0.23063858,0.20373207
calm,2,0.53157806,0.26724035,0.20118152
calm,3,0.49194267,0.2842311,0.22382624
calm,4,0.51420814,0.26868522,0.21710664
calm,5,0.5218471,0.2739053,0.20424758
Global Financial Crisis,1,0.5483063,0.21558544,0.23610835
Global Financial Crisis,2,0.54512936,0.22556956,0.22930099
Global Financial Crisis,3,0.40214667,0.3795494,0.21830393
Global Financial Crisis,4,0.5227985,0.2672622,0.2099394
Global Financial Crisis,5,0.5125845,0.28430876,0.20310669
Irish sovereign debt crisis,1,0.50054985,0.22698015,0.27246997
Irish sovereign debt crisis,2,0.44278142,0.25472784,0.30249068
Irish sovereign debt crisis,3,0.48114356,0.25029585,0.26856065
Irish sovereign debt crisis,4,0.54383904,0.28423184,0.17192909
Irish sovereign debt crisis,5,0.60394746,0.24801663,0.14803599
COVID-19,1,0.50737923,0.3165254,0.17609543
COVID-19,2,0.45282733,0.33592063,0.21125205
COVID-19,3,0.54393214,0.30859974,0.14746803
COVID-19,4,0.39964232,0.4000232,0.20033449
COVID-19,5,0.55606765,0.2871772,0.1567552
War / energy shock 2022,1,0.5394683,0.30774587,0.15278584
War / energy shock 2022,2,0.5454285,0.30039263,0.15417892
War / energy shock 2022,3,0.5469764,0.3107383,0.14228527
War / energy shock 2022,4,0.57145995,0.3260612,0.10247888
War / energy shock 2022,5,0.5014144,0.3438343,0.15475123
