window,channel,days,share,ci_low,ci_high,mean_abs_attribution_per_day
calm,domestic,294,0.5227867,0.5018567010760308,0.5413827508687973,0.9318941
calm,US,294,0.26648185,0.2564073637127876,0.2785801015794277,0.47501767
calm,euro,294,0.21073149,0.1946969136595726,0.22605016306042672,0.37563974
Global Financial Crisis,domestic,402,0.48197898,0.4480550818145275,0.5088570982217788,1.6563824
Global Financial Crisis,US,402,0.29907754,0.28227275907993316,0.3205912813544273,1.0278181
Global Financial Crisis,euro,402,0.21894349,0.202918666228652,0.23828778080642224,0.7524273
Irish sovereign debt crisis,domestic,574,0.5120133,0.493157946318388,0.5319624960422515,0.96826726
Irish sovereign debt crisis,US,574,0.25188422,0.23880604431033134,0.2658566787838936,0.4763377
Irish sovereign debt crisis,euro,574,0.23610245,0.22027902863919735,0.2527910523116589,0.4464928
COVID-19,domestic,92,0.48835707,0.46847704127430917,0.5083922728896141,1.3500234
COVID-19,US,92,0.33174533,0.3132767915725708,0.35452286452054976,0.91708285
COVID-19,euro,92,0.17989756,0.16084733419120312,0.1955033227801323,0.4973121
War / energy shock 2022,domestic,185,0.5401278,0.520694437623024,0.5595528975129127,1.0571088
War / energy shock 2022,US,185,0.31735668,0.29345984309911727,0.34060281068086623,0.62111324
War / energy shock 2022,euro,185,0.14251551,0.13416942097246648,0.15370324067771435,0.2789236
