year,market,sigma,trend,delta_low,delta_high,low5_before
1956,Ireland,0.04462,,,,
1957,Ireland,0.03994,,,,
1958,Ireland,0.03634,,,,
1959,Ireland,0.03777,,,,
1960,Ireland,0.07317,,,,
1961,Ireland,0.0618,,,,
1962,Ireland,0.08155,,,,
1963,Ireland,0.08125,,,,
1964,Ireland,0.0585,,,,
1965,Ireland,0.06391,0.07552,-0.01161,0.0,
1966,Ireland,0.0906,0.083,0.0,0.0076,
1967,Ireland,0.09938,0.09097,0.0,0.00841,
1968,Ireland,0.07422,0.08986,-0.01564,0.0,
1969,Ireland,0.09096,0.09322,-0.00226,0.0,
1970,Ireland,0.08352,0.0939,-0.01037,0.0,-0.0059
1971,Ireland,0.12181,0.10324,0.0,0.01857,-0.00566
1972,Ireland,0.16572,0.12045,0.0,0.04527,-0.00566
1973,Ireland,0.17624,0.13668,0.0,0.03956,-0.00566
1974,Ireland,0.12337,0.1392,-0.01583,0.0,-0.00253
1975,Ireland,0.35979,0.18755,0.0,0.17224,-0.00524
1976,Ireland,0.16509,0.19136,-0.02627,0.0,-0.00317
1977,Ireland,0.23153,0.20646,0.0,0.02506,-0.00842
1978,Ireland,0.21773,0.21663,0.0,0.0011,-0.00842
1979,Ireland,0.13486,0.21048,-0.07562,0.0,-0.00842
1980,Ireland,0.12692,0.20325,-0.07633,0.0,-0.02038
1981,Ireland,0.11784,0.19489,-0.07705,0.0,-0.03564
1982,Ireland,0.12885,0.18891,-0.06007,0.0,-0.0458
1983,Ireland,0.19408,0.19393,0.0,0.00015,-0.05781
1984,Ireland,0.18088,0.196,-0.01513,0.0,-0.05781
1985,Ireland,0.13166,0.18967,-0.05801,0.0,-0.04571
1986,Ireland,0.17697,0.19088,-0.0139,0.0,-0.04205
1987,Ireland,0.18666,0.19326,-0.0066,0.0,-0.02942
1988,Ireland,0.2778,0.20953,0.0,0.06827,-0.01873
1989,Ireland,0.15981,0.20559,-0.04578,0.0,-0.01873
1990,Ireland,0.15377,0.20076,-0.04699,0.0,-0.02486
1991,Ireland,0.28292,0.21622,0.0,0.0667,-0.02265
1992,Ireland,0.09537,0.20094,-0.10556,0.0,-0.01987
1993,Ireland,0.17888,0.19966,-0.02079,0.0,-0.03967
1994,Ireland,0.14876,0.19364,-0.04488,0.0,-0.04382
1995,Ireland,0.08243,0.17768,-0.09525,0.0,-0.04364
1996,Ireland,0.04232,0.15675,-0.11443,0.0,-0.0533
1997,Ireland,0.11304,0.14854,-0.03551,0.0,-0.07618
1998,Ireland,0.16504,0.14921,0.0,0.01583,-0.06217
1999,Ireland,0.25923,0.16458,0.0,0.09465,-0.05801
2000,Ireland,0.12423,0.15787,-0.03364,0.0,-0.04904
2001,Ireland,0.12762,0.15229,-0.02467,0.0,-0.03672
2002,Ireland,0.20377,0.15906,0.0,0.04471,-0.01876
2003,Ireland,0.21219,0.16666,0.0,0.04553,-0.01166
2004,Ireland,0.09099,0.15489,-0.0639,0.0,-0.01166
2005,Ireland,0.13331,0.15068,-0.01737,0.0,-0.02444
2006,Ireland,0.10618,0.14269,-0.03651,0.0,-0.02119
2007,Ireland,0.09265,0.13336,-0.04072,0.0,-0.02355
2008,Ireland,0.17709,0.13804,0.0,0.03905,-0.0317
2009,Ireland,0.3417,0.16801,0.0,0.17369,-0.0317
2010,Ireland,0.22968,0.17823,0.0,0.05145,-0.01892
2011,Ireland,0.0995,0.16737,-0.06787,0.0,-0.01544
2012,Ireland,0.20391,0.17348,0.0,0.03042,-0.02172
2013,Ireland,0.08563,0.16072,-0.07509,0.0,-0.01357
2014,Ireland,0.08298,0.14855,-0.06557,0.0,-0.02859
2015,Ireland,0.13439,0.14537,-0.01099,0.0,-0.04171
2016,Ireland,0.11011,0.13879,-0.02868,0.0,-0.0439
2017,Ireland,0.10943,0.13274,-0.02331,0.0,-0.03607
2018,Ireland,0.0883,0.12406,-0.03576,0.0,-0.04073
2019,Ireland,0.15064,0.12591,0.0,0.02473,-0.03286
2020,Ireland,0.24748,0.1428,0.0,0.10468,-0.01975
2021,Ireland,0.10147,0.13582,-0.03435,0.0,-0.01755
2022,Ireland,0.15471,0.13772,0.0,0.017,-0.01868
2023,Ireland,0.15017,0.13884,0.0,0.01133,-0.01402
2024,Ireland,,,,,-0.00687
1958,United States,0.10409,,,,
1959,United States,0.05147,,,,
1960,United States,0.10822,,,,
1961,United States,0.09229,,,,
1962,United States,0.1509,,,,
1963,United States,0.101,,,,
1964,United States,0.05831,,,,
1965,United States,0.07964,,,,
1966,United States,0.09464,,,,
1967,United States,0.11647,0.09894,0.0,0.01752,
1968,United States,0.11551,0.10473,0.0,0.01078,
1969,United States,0.1059,0.1061,-0.00021,0.0,
1970,United States,0.14382,0.11761,0.0,0.02621,
1971,United States,0.09951,0.11488,-0.01538,0.0,
1972,United States,0.11048,0.11536,-0.00488,0.0,-0.00312
1973,United States,0.09743,0.11262,-0.0152,0.0,-0.00409
1974,United States,0.1549,0.12312,0.0,0.03178,-0.00713
1975,United States,0.24799,0.15147,0.0,0.09651,-0.00709
1976,United States,0.14456,0.15388,-0.00931,0.0,-0.00709
1977,United States,0.07165,0.14138,-0.06973,0.0,-0.00588
1978,United States,0.09356,0.13475,-0.04119,0.0,-0.01885
1979,United States,0.12595,0.13491,-0.00897,0.0,-0.02405
1980,United States,0.16498,0.14197,0.0,0.02301,-0.02584
1981,United States,0.09465,0.13569,-0.04104,0.0,-0.02584
1982,United States,0.14279,0.13833,0.0,0.00446,-0.03218
1983,United States,0.10518,0.13423,-0.02905,0.0,-0.01824
1984,United States,0.07791,0.12596,-0.04805,0.0,-0.01581
1985,United States,0.09931,0.12203,-0.02271,0.0,-0.02363
1986,United States,0.09846,0.11833,-0.01987,0.0,-0.02817
1987,United States,0.10441,0.11596,-0.01154,0.0,-0.02394
1988,United States,0.21856,0.13199,0.0,0.08657,-0.02624
1989,United States,0.07318,0.12353,-0.05035,0.0,-0.02044
1990,United States,0.082,0.11718,-0.03518,0.0,-0.0209
1991,United States,0.15651,0.12307,0.0,0.03344,-0.02339
1992,United States,0.07777,0.11615,-0.03838,0.0,-0.01942
1993,United States,0.04703,0.10504,-0.05801,0.0,-0.02478
1994,United States,0.05368,0.09595,-0.04228,0.0,-0.03639
1995,United States,0.0624,0.0891,-0.0267,0.0,-0.03477
1996,United States,0.05537,0.08187,-0.0265,0.0,-0.03307
1997,United States,0.11811,0.08516,0.0,0.03295,-0.03837
1998,United States,0.08574,0.08334,0.0,0.0024,-0.0307
1999,United States,0.16346,0.09388,0.0,0.06957,-0.01909
2000,United States,0.11265,0.09582,0.0,0.01683,-0.01064
2001,United States,0.10795,0.09695,0.0,0.011,-0.0053
2002,United States,0.13382,0.10206,0.0,0.03176,0.0
2003,United States,0.18311,0.11442,0.0,0.06869,0.0
2004,United States,0.08209,0.11011,-0.02802,0.0,0.0
2005,United States,0.07902,0.10563,-0.02661,0.0,-0.0056
2006,United States,0.07824,0.10137,-0.02313,0.0,-0.01093
2007,United States,0.06078,0.09476,-0.03398,0.0,-0.01555
2008,United States,0.13877,0.10083,0.0,0.03794,-0.02235
2009,United States,0.24518,0.12294,0.0,0.12224,-0.02235
2010,United States,0.15916,0.12988,0.0,0.02928,-0.01674
2011,United States,0.08197,0.12417,-0.0422,0.0,-0.01142
2012,United States,0.15825,0.13061,0.0,0.02764,-0.01524
2013,United States,0.07576,0.12363,-0.04787,0.0,-0.00844
2014,United States,0.03593,0.11094,-0.07501,0.0,-0.01801
2015,United States,0.07589,0.10543,-0.02954,0.0,-0.03302
2016,United States,0.13168,0.10904,0.0,0.02265,-0.03893
2017,United States,0.04902,0.09957,-0.05055,0.0,-0.03049
2018,United States,0.07253,0.09456,-0.02203,0.0,-0.0406
2019,United States,0.10621,0.09525,0.0,0.01096,-0.03543
2020,United States,0.17458,0.10657,0.0,0.06801,-0.02042
2021,United States,0.06187,0.09956,-0.03769,0.0,-0.01452
2022,United States,0.07791,0.09563,-0.01772,0.0,-0.02205
2023,United States,0.13844,0.10146,0.0,0.03698,-0.01549
2024,United States,,,,,-0.01108
1961,Germany,0.13951,,,,
1962,Germany,0.15663,,,,
1963,Germany,0.19179,,,,
1964,Germany,0.10034,,,,
1965,Germany,0.06956,,,,
1966,Germany,0.09303,,,,
1967,Germany,0.11197,,,,
1968,Germany,0.10585,,,,
1969,Germany,0.06528,,,,
1970,Germany,0.15559,0.09545,0.0,0.06014,
1971,Germany,0.13568,0.10479,0.0,0.03089,
1972,Germany,0.14914,0.1158,0.0,0.03334,
1973,Germany,0.13625,0.12061,0.0,0.01564,
1974,Germany,0.11223,0.11809,-0.00586,0.0,
1975,Germany,0.1514,0.12576,0.0,0.02564,-0.00117
1976,Germany,0.09699,0.11922,-0.02223,0.0,-0.00117
1977,Germany,0.08189,0.11055,-0.02866,0.0,-0.00562
1978,Germany,0.05989,0.09877,-0.03888,0.0,-0.01135
1979,Germany,0.08312,0.09375,-0.01064,0.0,-0.01913
1980,Germany,0.09999,0.09294,0.0,0.00705,-0.02008
1981,Germany,0.06968,0.08659,-0.01691,0.0,-0.02008
1982,Germany,0.06747,0.08083,-0.01336,0.0,-0.01902
1983,Germany,0.11531,0.08457,0.0,0.03074,-0.01596
1984,Germany,0.08936,0.08341,0.0,0.00595,-0.00818
1985,Germany,0.102,0.08469,0.0,0.01731,-0.00605
1986,Germany,0.18613,0.10012,0.0,0.08601,-0.00605
1987,Germany,0.17819,0.1126,0.0,0.06559,-0.00267
1988,Germany,0.26494,0.13798,0.0,0.12695,0.0
1989,Germany,0.07582,0.13006,-0.05424,0.0,0.0
1990,Germany,0.12286,0.13033,-0.00747,0.0,-0.01085
1991,Germany,0.20494,0.14353,0.0,0.06141,-0.01234
1992,Germany,0.09424,0.13787,-0.04363,0.0,-0.01234
1993,Germany,0.14601,0.14072,0.0,0.00529,-0.02107
1994,Germany,0.12166,0.13937,-0.01771,0.0,-0.02107
1995,Germany,0.08689,0.13258,-0.04568,0.0,-0.01376
1996,Germany,0.0702,0.12367,-0.05346,0.0,-0.0214
1997,Germany,0.08183,0.11728,-0.03544,0.0,-0.0321
1998,Germany,0.15371,0.1226,0.0,0.03111,-0.03046
1999,Germany,0.22681,0.13884,0.0,0.08798,-0.03046
2000,Germany,0.18737,0.14757,0.0,0.0398,-0.02692
2001,Germany,0.10746,0.14307,-0.03562,0.0,-0.01778
2002,Germany,0.25286,0.16135,0.0,0.0915,-0.01421
2003,Germany,0.27498,0.18142,0.0,0.09356,-0.00712
2004,Germany,0.11196,0.17432,-0.06236,0.0,-0.00712
2005,Germany,0.09089,0.16425,-0.07336,0.0,-0.0196
2006,Germany,0.12474,0.16002,-0.03529,0.0,-0.03427
2007,Germany,0.07643,0.14851,-0.07208,0.0,-0.0342
2008,Germany,0.16099,0.15095,0.0,0.01004,-0.04862
2009,Germany,0.25956,0.16842,0.0,0.09115,-0.04862
2010,Germany,0.14996,0.16738,-0.01742,0.0,-0.03615
2011,Germany,0.09824,0.15826,-0.06001,0.0,-0.02496
2012,Germany,0.26555,0.1757,0.0,0.08985,-0.0299
2013,Germany,0.10633,0.16693,-0.0606,0.0,-0.01549
2014,Germany,0.05427,0.15066,-0.0964,0.0,-0.02761
2015,Germany,0.17202,0.15391,0.0,0.01811,-0.04689
2016,Germany,0.16218,0.15537,0.0,0.00681,-0.0434
2017,Germany,0.06951,0.14233,-0.07282,0.0,-0.0314
2018,Germany,0.0989,0.13492,-0.03601,0.0,-0.04596
2019,Germany,0.10512,0.12915,-0.02403,0.0,-0.04105
2020,Germany,0.25237,0.14678,0.0,0.10559,-0.02657
2021,Germany,0.06916,0.13466,-0.0655,0.0,-0.02657
2022,Germany,0.10777,0.12955,-0.02178,0.0,-0.03967
2023,Germany,0.16312,0.13353,0.0,0.0296,-0.02946
2024,Germany,,,,,-0.02226
